{"cameraMode":{"drawMode":0,"name":"Shaded","section":"Shading Mode"},"sceneLighting":false,"audioPlay":false,"sceneViewState":{"m_AlwaysRefresh":false,"showFog":true,"showSkybox":true,"showFlares":true,"showImageEffects":true,"showParticleSystems":true,"showVisualEffectGraphs":true,"m_FxEnabled":true},"in2DMode":false,"pivot":{"x":-0.6470127105712891,"y":4.400000095367432,"z":-81.93862915039063},"rotation":{"x":0.10173351317644119,"y":-0.04176945611834526,"z":0.004275328014045954,"w":0.9939256310462952},"size":4.265439033508301,"orthographic":false}