{"cameraMode":{"drawMode":0,"name":"Shaded","section":"Shading Mode"},"sceneLighting":false,"audioPlay":true,"sceneViewState":{"m_AlwaysRefresh":false,"showFog":true,"showSkybox":true,"showFlares":true,"showImageEffects":true,"showParticleSystems":true,"showVisualEffectGraphs":true,"m_FxEnabled":true},"in2DMode":false,"pivot":{"x":3.178457260131836,"y":-4.056527614593506,"z":11.104759216308594},"rotation":{"x":0.13425609469413758,"y":0.06980074942111969,"z":-0.00948078092187643,"w":0.9884403347969055},"size":18.013704299926759,"orthographic":false}