{"cameraMode":{"drawMode":0,"name":"Shaded","section":"Shading Mode"},"sceneLighting":false,"audioPlay":false,"sceneViewState":{"m_AlwaysRefresh":false,"showFog":true,"showSkybox":true,"showFlares":true,"showImageEffects":true,"showParticleSystems":true,"showVisualEffectGraphs":true,"m_FxEnabled":true},"in2DMode":false,"pivot":{"x":-0.3869999945163727,"y":2.7200000286102297,"z":0.30000001192092898},"rotation":{"x":-0.1443668156862259,"y":0.3222034275531769,"z":-0.04978729411959648,"w":-0.9342779517173767},"size":10.636239051818848,"orthographic":false}